{"it": [4, 414, 823, 1233, 1643, 2053, 2462, 2868, 3278, 3691, 4099, 4508, 4923, 5333, 5743, 6157, 6563, 6973, 7382, 7789, 8199, 8613, 9023, 9433, 9843, 10252, 10662, 11072, 11482, 11892, 12299, 12708, 13119, 13525, 13934, 14344, 14754, 15164, 15574, 15984, 16394, 16808, 17218, 17628, 18037, 18443, 18853, 19263, 19669, 20079, 20489, 20895, 21305, 21715, 22125, 22535, 22944, 23354], "ocv": [4.210060874966723, 4.187524003904517, 4.171054751974444, 4.1523002928387625, 4.1306302245097175, 4.11455497382199, 4.097218919158755, 4.096509716922531, 4.086502085366937, 4.064595616292484, 4.037251930073654, 4.007544236400746, 4.001634217765552, 3.9870561717987405, 3.979333747448754, 3.971847723844175, 3.962155293282457, 3.945449640606976, 3.925513177744255, 3.920154760848346, 3.91125033277132, 3.90289750643358, 3.8889498624545222, 3.8731110125122026, 3.862236578223446, 3.8515985446800967, 3.8431669180938868, 3.8316620818173757, 3.8199208447954573, 3.8187388410684187, 3.815744431626587, 3.8090464105067006, 3.8032939923684452, 3.800457183423552, 3.7928923595705037, 3.788558345904695, 3.79013435087408, 3.788321945159287, 3.7793387168337924, 3.78485473422664, 3.7826483272695013, 3.779811518324608, 3.7767383086343074, 3.7714586919868673, 3.7645242701215733, 3.761372260182803, 3.755068240305263, 3.7487642204277227, 3.7386777886236584, 3.729379359304287, 3.7195293282456303, 3.706842488242081, 3.6991988641405635, 3.6932100452569, 3.6813900079865123, 3.6375770698376084, 3.5640564380157964, 3.4583853048185293], "r0": [0.003366219269553828, 0.003366219269553828, 0.003313864471222028, 0.0032525112053643267, 0.003184643602274012, 0.003131816495709794, 0.0030933713400090428, 0.0030816147826349507, 0.0030590253756780468, 0.0030287096887892705, 0.0029992250297061025, 0.002959829592436892, 0.002965452173315706, 0.002952088833364482, 0.0029524500958752046, 0.0029622592396781784, 0.00296623533222675, 0.0029525878721540742, 0.0029279031283333213, 0.0028899307697500985, 0.0028972035747158397, 0.0028981186039671253, 0.0029142021009463228, 0.00288292462221054, 0.002873278289741232, 0.0028538544381107363, 0.0028412065709123944, 0.0028300110133514, 0.002819597950520795, 0.002810741374179714, 0.0028258189564306932, 0.002842487624053684, 0.002852896386339685, 0.0028664990606527873, 0.0028689740774246967, 0.0028593774657415926, 0.002862014316538543, 0.002882676551199365, 0.0028693757118699887, 0.0028544431063017516, 0.002859367135469964, 0.0028704776305192295, 0.0028621993423996054, 0.0028659119738790994, 0.0028495121445440592, 0.0028393307773118474, 0.0028398594601017064, 0.0028315648512303223, 0.002821830250087053, 0.002817225102137285, 0.0028229936784986464, 0.0028318948108732884, 0.0028631536229067065, 0.002926226253695324, 0.0030391940456725, 0.0032202042653077982, 0.003456424171859279, 0.0036844794487419113], "rc1": [{"r1": [0.0032139885577033038, 0.0032139885577033038, 0.0031966222053880266, 0.003185690655115388, 0.00313741334462141, 0.0030946933985339254, 0.003047116419340002, 0.003071349110878501, 0.003100281716739108, 0.0031361040005315945, 0.0031582950864369173, 0.003123994643733574, 0.003166142273808535, 0.003177786122959698, 0.003199965059041361, 0.003240312417175888, 0.0032784997419451675, 0.003272483226452013, 0.003220240290719421, 0.0032038166378606124, 0.0032108292131088, 0.0032283366544076817, 0.0032320542738895983, 0.0031939096113049337, 0.003163070666867105, 0.0031183717302579496, 0.0030784687722992332, 0.0030236451944063453, 0.0029482243137039068, 0.0029101826622166343, 0.0028965497209307075, 0.002878936646185145, 0.0028601077187211162, 0.002854409045496592, 0.0028273608259170593, 0.0027929907448309126, 0.002790142916038665, 0.0027943691265424533, 0.0027517722591459976, 0.0027673970582790712, 0.0027778651542250963, 0.0027899412393084747, 0.00280239076276894, 0.0028002176942837536, 0.002778168489030867, 0.0027719024988902986, 0.002768355924713659, 0.0027693243300771736, 0.00275954779596391, 0.002753211401153717, 0.002752470263264226, 0.0027418364209733388, 0.0027495580335844027, 0.002797893090830296, 0.0029130779655408205, 0.0030333011830879584, 0.0031510505726051784, 0.003246080223581559], "tau1": [13.175299901183653, 13.175299901183653, 13.224547068816427, 13.255350229866849, 13.280538340591722, 13.295439111716863, 13.28586999687646, 13.280319378398566, 13.274484882411032, 13.26073508444707, 13.27627868316825, 13.289423489421644, 13.298102328989042, 13.330187519629156, 13.361634869672276, 13.403014757665126, 13.45075435587827, 13.487112305626736, 13.505467611861246, 13.54665081226251, 13.575606869423865, 13.625168257970973, 13.656286811994237, 13.705523853175652, 13.732107300645918, 13.768313222780172, 13.800828478232042, 13.819470587404002, 13.819297973697056, 13.826385824032052, 13.831854006231335, 13.835203252249446, 13.839016922578883, 13.844612814769626, 13.84746781473368, 13.852919748691564, 13.864937402335602, 13.871163422508328, 13.867961564455811, 13.879086550400453, 13.890720041331921, 13.896343169636289, 13.902557922041836, 13.911050855983731, 13.92085113145147, 13.931810678585524, 13.934674380415814, 13.939500210916599, 13.94345038454758, 13.950215061185169, 13.955106198729307, 13.953670176025025, 13.934052840343421, 13.881241993683819, 13.782147099999403, 13.6318762123034, 13.495617701933936, 13.37465562723789]}]}