{"it": [4, 414, 820, 1226, 1635, 2045, 2455, 2864, 3274, 3683, 4097, 4506, 4915, 5325, 5734, 6144, 6550, 6959, 7368, 7778, 8188, 8597, 9007, 9416, 9825, 10234, 10644, 11053, 11467, 11876, 12286, 12695, 13105, 13514, 13923, 14332, 14741, 15151, 15557, 15966, 16376, 16785, 17199, 17613, 18022, 18431, 18840, 19249, 19658, 20067, 20481, 20890, 21300, 21709, 22119, 22529, 22942], "ocv": [4.19469482651522, 4.17357635992546, 4.1557675037714095, 4.140401455319905, 4.116603780282191, 4.092569704499069, 4.084768479900613, 4.079016061762358, 4.069796432691455, 4.047811163368534, 4.020940278640519, 4.0043922264619765, 3.9863469695625176, 3.982170556393647, 3.973108527819683, 3.962076493033988, 3.9556936729079784, 3.9334720028396495, 3.924488774514155, 3.9124323364983593, 3.8977754902830783, 3.875002218475464, 3.871141006300471, 3.8565629603336595, 3.846949330020411, 3.836074895731654, 3.831031679829622, 3.8188176413168877, 3.8143260271541406, 3.8059732008164, 3.8084160085189467, 3.7959655692608045, 3.7911587541041802, 3.7880855444138795, 3.7886371461531643, 3.7795751175792005, 3.769725086520544, 3.7721678942230907, 3.773586298695537, 3.7692522850297285, 3.7671246783210584, 3.7645242701215733, 3.7626330641583112, 3.740726595083859, 3.741750998313959, 3.742539000798652, 3.733476972224688, 3.730324962285918, 3.7163773183068605, 3.705660484515042, 3.6932888455053696, 3.6889548318395606, 3.6855664211553827, 3.6757163900967265, 3.6463238974176955, 3.5669720472091586, 3.4544452923950666], "r0": [0.003012586591762364, 0.003012586591762364, 0.0029916470707463325, 0.0029637188355564163, 0.002908437340635826, 0.0028384460511908707, 0.0027817729683507035, 0.0027684624084632512, 0.002766109066679702, 0.0027638320493354068, 0.0027532830202162805, 0.00275606873388621, 0.002739852975179407, 0.00275476686322853, 0.0027695801820182527, 0.002769360975643019, 0.0027736117041353317, 0.0027525389957017035, 0.0027352749846680006, 0.002720033152970284, 0.0026962288414004477, 0.002658375035664317, 0.0026294729836689353, 0.002622025477500807, 0.002621054128259485, 0.002617852931740579, 0.002627636422659811, 0.002618715403611035, 0.0026270525226794166, 0.002630308819995943, 0.002655816569577072, 0.002643665302548997, 0.0026532424738210628, 0.002663728654023147, 0.0026753526743401655, 0.002656078238298273, 0.0026427401566655167, 0.0026086531757370038, 0.0026304371140433826, 0.002627559731371717, 0.0026340328847772564, 0.0026371252363983763, 0.002638828483671916, 0.0026079352368658074, 0.002571168888591548, 0.0025659901864589114, 0.002568358333839229, 0.0025877072993595257, 0.0025801318909050254, 0.0025847925752336405, 0.002592017379862804, 0.0026282230840004783, 0.0026889979243236166, 0.002772444917654349, 0.0028991822107856686, 0.003084098426003915, 0.003310953023554358], "rc1": [{"r1": [0.0023457557690649356, 0.0023457557690649356, 0.002349169806857864, 0.0023599586151036504, 0.002331783380681148, 0.0022588848938518494, 0.002231843322547289, 0.0022439458876078993, 0.002279888689472983, 0.0023280420451332866, 0.002355499123163545, 0.0024201250377676375, 0.0024555578110281888, 0.002539528744472419, 0.0026188021276141453, 0.002679328929351151, 0.0027516803306066274, 0.0027668150809322554, 0.002793589281842225, 0.002818620516171881, 0.002821994139163713, 0.0027582707428685455, 0.0027436310927863292, 0.0027074156551742208, 0.0026801346423108077, 0.0026356111573834686, 0.002621489909695709, 0.002586730790992002, 0.002562607110938469, 0.0025269126583438925, 0.002551685710687723, 0.002536601296161926, 0.0025202164649668025, 0.0025134486478869946, 0.0025316887225507933, 0.0025194960636577, 0.0024555935379932175, 0.0024241825503946088, 0.002438258513936359, 0.0024246545136686407, 0.0024259557150200436, 0.002434532588261164, 0.002450827803282714, 0.0023677603441324495, 0.002328653631954861, 0.0023480916394532435, 0.0023530122587989196, 0.00237114179792407, 0.002352080482960085, 0.002337213282534709, 0.002316259620502059, 0.0023367192988714295, 0.002406716393261485, 0.002531178381661464, 0.002678188623284259, 0.0027846078734688642, 0.0028760729256548066], "tau1": [10.842525602364637, 10.842525602364637, 10.847067140103455, 10.854878202543656, 10.851646672577655, 10.824805742243964, 10.81062574974272, 10.790075428070235, 10.774012874158835, 10.748839068368579, 10.748387944340637, 10.757605898346432, 10.79191769861658, 10.836919322570374, 10.870965868892934, 10.911922702973271, 10.988438781415486, 11.031988424508288, 11.089368446183403, 11.161549197577049, 11.243020758415398, 11.283644278302567, 11.350551052562132, 11.400866148590367, 11.433196886004563, 11.460311006319648, 11.479257906470043, 11.48680938878897, 11.493470330659646, 11.504931621745492, 11.510313725160342, 11.519464474449716, 11.52878556874784, 11.550460479963453, 11.60024888138884, 11.623791513910405, 11.637605571854671, 11.664472112940121, 11.67546727794809, 11.702788879061993, 11.725455286320738, 11.756110455469969, 11.79938334337503, 11.785600911411557, 11.789578475259166, 11.797692006088969, 11.802858931738289, 11.790519797438403, 11.77725964081743, 11.775637688791829, 11.770319157804632, 11.747475818954682, 11.701217579043714, 11.617720282632714, 11.509392017179353, 11.394775900156601, 11.28151756678162]}]}