{"it": [4, 210, 415, 621, 825, 1031, 1237, 1443, 1649, 1855, 2061, 3215, 4369, 5523, 6677, 7831, 8985, 10139, 11292, 12446, 13600, 14753, 15907, 17060, 18214, 19368, 20522, 20719, 20925, 21131, 21336, 21542, 21748, 21954, 22151, 22357, 22563, 22773, 22979, 23185], "ocv": [4.188075605643802, 4.177673972845861, 4.16837554352649, 4.1590771142071175, 4.1504090868755, 4.141819859792352, 4.133703434200019, 4.119046587984737, 4.117234182269945, 4.107935752950573, 4.1013165320791565, 4.067432425237378, 3.9997430118022903, 3.961288490549295, 3.9301623924039406, 3.8952538823320624, 3.8629457804596687, 3.8361536959801232, 3.8136956251663863, 3.7974627739817204, 3.7837515307480705, 3.7727982962108446, 3.7713798917383983, 3.754437838317509, 3.7454546099920143, 3.714801313337475, 3.6899792350696607, 3.693682846747716, 3.6851724199130365, 3.682414411216613, 3.6817840092288585, 3.681311207738043, 3.6655511580441926, 3.6518399148105427, 3.616852604490195, 3.577137279261692, 3.52891152719851, 3.470678143579733, 3.4068499423196386, 3.333171710000888], "r0": [0.003743020544052409, 0.003743020544052409, 0.003730224384369033, 0.003713799593421185, 0.003694877075662891, 0.003675457246594755, 0.003655539358796041, 0.0036240700712171833, 0.0035970331231738695, 0.003577027855616916, 0.003557386682904285, 0.003420613841304639, 0.003243566356447309, 0.0031056646065556956, 0.0029964079384428, 0.0028992108260322124, 0.002804897481363901, 0.002726373329044245, 0.0026734534613734153, 0.0026419875184111293, 0.0026182901194924156, 0.002591445439377663, 0.0025673329905046187, 0.002539330660994151, 0.002501202096637495, 0.0024695018221507067, 0.0024258924215645357, 0.0024326958912810554, 0.0024472261009714546, 0.002480748309884477, 0.0025301682601572254, 0.0025962831218822075, 0.0026672815596559076, 0.002762610554009036, 0.0028686190435895285, 0.0030104436957312268, 0.003169053175906438, 0.0033407312843810057, 0.0035193406736949333, 0.0037050186799930255], "rc1": [{"r1": [0.0033769735685151127, 0.0033769735685151127, 0.003373284596477482, 0.003369074005460289, 0.003365721574568759, 0.0033628377030844184, 0.0033614875262813065, 0.0033416730416741466, 0.0033407119207331665, 0.0033377648214249402, 0.00333861461456761, 0.003239954196942098, 0.0031152946098944425, 0.0030196501177821716, 0.002940962819988267, 0.0028447678283900725, 0.002738686640274662, 0.002646913318015694, 0.0025822573541131617, 0.00256310559525628, 0.0025483022423280497, 0.0025318499902970784, 0.002579354012574174, 0.0025714404155487867, 0.002627169100060657, 0.0025759733474369968, 0.002535842816830994, 0.0025630510759930506, 0.0025760621694259104, 0.002596142014422825, 0.0026291269173514833, 0.0026812262159203533, 0.0027204563766360327, 0.0027757454478321087, 0.002813767430359184, 0.002863278485853129, 0.0029197701140744638, 0.0029830125818127405, 0.0030443143941648954, 0.0030980423191273743], "tau1": [12.658472606823928, 12.658472606823928, 12.664389342495852, 12.670409698292747, 12.677338365319603, 12.684416889862261, 12.691443594415588, 12.691573876223632, 12.699619550475916, 12.703192285149836, 12.708826816410635, 12.897876848494347, 13.117594812827345, 13.312061486482424, 13.463700452892269, 13.582620082192966, 13.670508141208945, 13.744699371131734, 13.807209532798908, 13.889357292725473, 13.98553512818936, 14.066441185585319, 14.204679872880092, 14.287180115388452, 14.43916712170519, 14.495251432182055, 14.513609670524938, 14.513908413833438, 14.4980950123642, 14.483168473418278, 14.465064814317408, 14.444824356970054, 14.411925914736333, 14.378712797550993, 14.336959709568749, 14.286928315049142, 14.237931613599184, 14.177098920602482, 14.108884667380932, 14.035307032115798]}]}