{"it": [4, 210, 415, 621, 825, 1031, 1237, 1443, 1649, 1855, 2061, 3215, 4369, 5523, 6677, 7831, 8985, 10139, 11292, 12446, 13600, 14753, 15907, 17060, 18214, 19368, 20522, 20719, 20925, 21131, 21336, 21542, 21748, 21954, 22151, 22357, 22563, 22773, 22979, 23185], "ocv": [4.188075605643802, 4.177673972845861, 4.16837554352649, 4.1590771142071175, 4.1504090868755, 4.141819859792352, 4.133703434200019, 4.119046587984737, 4.117234182269945, 4.107935752950573, 4.1013165320791565, 4.067432425237378, 3.9997430118022903, 3.961288490549295, 3.9301623924039406, 3.8952538823320624, 3.8629457804596687, 3.8361536959801232, 3.8136956251663863, 3.7974627739817204, 3.7837515307480705, 3.7727982962108446, 3.7713798917383983, 3.754437838317509, 3.7454546099920143, 3.714801313337475, 3.6899792350696607, 3.693682846747716, 3.6851724199130365, 3.682414411216613, 3.6817840092288585, 3.681311207738043, 3.6655511580441926, 3.6518399148105427, 3.616852604490195, 3.577137279261692, 3.52891152719851, 3.470678143579733, 3.4068499423196386, 3.333171710000888], "r0": [0.0035611392626097443, 0.0035611392626097443, 0.003561139263416733, 0.0035611392637816264, 0.0035611392640094316, 0.003561139263410459, 0.003561139264042685, 0.003561139265428408, 0.00356113926570372, 0.003561139266175511, 0.0035611392666337104, 0.003561139266175501, 0.0035611392652686634, 0.003561139264793184, 0.0035611392654254772, 0.003561139264979932, 0.0035611392655758647, 0.003561139265799534, 0.0035611392656834315, 0.0035611392665828414, 0.003561139267971006, 0.00356113926835264, 0.0035611392691428808, 0.003561139269416453, 0.0035611392697273998, 0.0035611392696577493, 0.0035611392686688372, 0.003561139268747784, 0.0035611392682442294, 0.0035611392678638384, 0.0035611392683089866, 0.0035611392704774604, 0.003561139269804732, 0.003561139270667294, 0.003561139272459136, 0.003561139272293486, 0.003561139270831159, 0.003561139270209686, 0.003561139270391506, 0.003561139268052206], "rc1": [{"r1": [0.0006986570678661663, 0.0006986570678661663, 0.0006894239212112836, 0.0006787198917750745, 0.0006664694349362933, 0.000653480966470697, 0.0006438789980237929, 0.0006162866755497989, 0.0006039284162120091, 0.000591950364210726, 0.0005779633971348925, 0.00041888601384650254, 0.0002142366271510334, 4.444330832443706e-05, 1.4595728693073221e-08, 1.5201137466227454e-08, 1.5794349532244082e-08, 1.6601099801513866e-08, 1.7264285089364236e-08, 1.7827466591282083e-08, 1.835128154091164e-08, 1.885233352562726e-08, 1.9053065435495795e-08, 1.9542891256155168e-08, 1.9815428833185173e-08, 2.074714301762864e-08, 2.1597000824770772e-08, 2.1726222953959925e-08, 2.2096561443754683e-08, 2.2375131903719964e-08, 2.2572757969871417e-08, 2.2885251756494813e-08, 2.359565092904207e-08, 2.4002247064849717e-08, 2.4739709904193796e-08, 2.510794632473604e-08, 2.5345164467174364e-08, 2.5803721994443932e-08, 2.5874977692132503e-08, 2.606083613382543e-08], "tau1": [2.6041986891098583, 2.6041986891098583, 2.604201739475213, 2.604200507469932, 2.6041994071224104, 2.604199874614818, 2.6042002857332522, 2.6042000448899696, 2.604200604028911, 2.6042011551750406, 2.6042014680633034, 2.6042031231083405, 2.6042040074111825, 2.604204307611268, 2.604204590329694, 2.6042044174757413, 2.604205124996524, 2.6042058582041148, 2.60420639943265, 2.6042060684133226, 2.6042074046136703, 2.6042073348766914, 2.604206920971097, 2.6042080160664147, 2.6042060606985875, 2.6042065206505725, 2.6042057012839006, 2.6042066142531803, 2.6042063328461684, 2.604204807796286, 2.604204888633408, 2.6042053493869464, 2.6042046010534166, 2.6042031538940718, 2.6042034736064292, 2.6042028050714086, 2.6042024111186266, 2.604201499827929, 2.6042018087907675, 2.6042017303761957]}], "rc2": [{"r2": [0.003100803014784796, 0.003100803014784796, 0.003099241101570082, 0.0030967067303564553, 0.0030930302188270824, 0.0030908910154461193, 0.0030902215343871194, 0.0030710720490807124, 0.0030711001941280272, 0.003068844354006087, 0.003068934370433208, 0.0029748800575849334, 0.0028661040085644707, 0.0027890600271531065, 0.0026966157116532644, 0.002555265842839961, 0.0023888891196270343, 0.0022251703190607932, 0.0020893731173119347, 0.002011896854701179, 0.0019521841307166678, 0.0018914045523044042, 0.0019042417868853803, 0.00185789887244364, 0.0018783852744461193, 0.0017863893573161313, 0.0016945000652165824, 0.0017200630248871032, 0.0017335368637246217, 0.001754514218453813, 0.0017884543245544674, 0.001838820254807057, 0.001877222089061724, 0.0019347990206461487, 0.001974623348786895, 0.00202893131569228, 0.002090054233962585, 0.002160756380399429, 0.0022326997923829833, 0.0022992726305619184], "tau2": [18.21234711299999, 18.21234711299999, 18.212346099978696, 18.21234629285002, 18.212347160457135, 18.212348546064568, 18.21234861125372, 18.212350460220662, 18.212350836764887, 18.212351113230067, 18.21235099241482, 18.212349856583433, 18.212349653922445, 18.212350171088648, 18.212349631887136, 18.2123518379002, 18.212349682259457, 18.212347727416983, 18.212345976653623, 18.212347748466, 18.212347091423183, 18.21234833480599, 18.212347666277246, 18.21234819482297, 18.21235146028933, 18.21234978050298, 18.2123494664691, 18.212350515024774, 18.212350275548822, 18.21234975697341, 18.212351239345185, 18.212351235747434, 18.21235115394677, 18.21235225853533, 18.212351459248758, 18.212350473280843, 18.212350691042737, 18.212349536944465, 18.21235087552011, 18.21234993517693]}]}