{"it": [4, 413, 823, 1229, 1638, 2048, 2457, 2871, 3279, 3688, 4094, 4504, 4913, 5322, 5731, 6140, 6550, 6959, 7368, 7777, 8190, 8599, 9005, 9414, 9823, 10237, 10643, 11052, 11461, 11870, 12280, 12689, 13095, 13504, 13913, 14322, 14731, 15137, 15546, 15955, 16361, 16770, 17179, 17588, 17998, 18407, 18816, 19225, 19635, 20044, 20453, 20863, 21272, 21681, 22091, 22497, 22906], "ocv": [4.2041508563315295, 4.18311118999024, 4.166090336320881, 4.142292661283167, 4.131891028485226, 4.115342976306683, 4.101710533321502, 4.08823569083326, 4.0805132664832735, 4.05773999467566, 4.032839116159376, 4.012745052799717, 3.9976154050936206, 3.986583370307925, 3.971847723844175, 3.970508119620198, 3.959948886325318, 3.9482864495518686, 3.9363088117845426, 3.922361167805485, 3.910304729789689, 3.8961994853136934, 3.8820154405892278, 3.8684617978525164, 3.8566417605821286, 3.846397728281126, 3.8374144999556314, 3.829849676102583, 3.822678853491881, 3.8162960333658718, 3.8105436152276164, 3.8052639985801764, 3.7971475729878437, 3.7912375543526498, 3.792183157334281, 3.788558345904695, 3.7858791374567407, 3.7840667317419476, 3.7821755257786855, 3.7802055195669544, 3.777526311119, 3.774059100186353, 3.769488685775136, 3.758850652231787, 3.7577474487532174, 3.7512858283787387, 3.7452970094950757, 3.7365501819149887, 3.726542550359394, 3.7163773183068605, 3.7036904783033107, 3.6958104534563856, 3.6871424261247676, 3.6817052089803894, 3.648687904871773, 3.5718576626142524, 3.464452923950662], "r0": [0.0031086960894937603, 0.0031086960894937603, 0.0030847614031186757, 0.0030386755425058417, 0.0029938462775678104, 0.0029666310862190423, 0.0029392959875532377, 0.0029149445300119337, 0.0028988708805267, 0.0028814554113598713, 0.0028667120949994783, 0.00285349961243857, 0.0028435631929469374, 0.002839600062288768, 0.0028301808812455703, 0.0028305657234756133, 0.002843974950753265, 0.002843843766218015, 0.0028344166284262765, 0.0028155426184359586, 0.002792903243835727, 0.0027706167762945456, 0.002748882218369583, 0.002728811389806683, 0.0027120063363777333, 0.0027017186001631107, 0.002697422478148565, 0.002699252448152659, 0.002705116192414853, 0.0027134067464930547, 0.0027227321898453936, 0.0027315033323999185, 0.002731906219475201, 0.0027239496410304052, 0.002728066357063628, 0.002740892638785835, 0.0027469749830244033, 0.002748270533461201, 0.002746539556969072, 0.0027432304471647732, 0.002737932184092057, 0.002732127929411834, 0.0027255027321630727, 0.00270672232421324, 0.0026909591952624557, 0.002691045153331022, 0.0026896374661545246, 0.002687598376217186, 0.0026924714683900486, 0.0027015335920074195, 0.0027103286985905523, 0.00273829414474675, 0.0027910280316174895, 0.0028947929305754958, 0.0030644501437970565, 0.003270699264184657, 0.0034867228439294006], "rc1": [{"r1": [0.0023501371452947324, 0.0023501371452947324, 0.002355273464969841, 0.0023183481059267244, 0.002327760179495211, 0.0023394566332683208, 0.0023566768971111027, 0.0023663947347122077, 0.002418010176151988, 0.0024560527760970367, 0.0024926779385061326, 0.0025276743027658507, 0.002562223704369848, 0.002598174534871013, 0.00260348310086437, 0.0026544434941000116, 0.002704878674381639, 0.0027485812837780175, 0.002786165810005451, 0.0028071082961854607, 0.0028229431265057916, 0.0028236761466574308, 0.0028084275179137783, 0.002779316012808946, 0.0027420376838792407, 0.002702834690539402, 0.002661424179324519, 0.0026267500856069093, 0.0025963699853127167, 0.0025734472394056867, 0.002557136604650051, 0.002545873651628183, 0.002517254099995205, 0.0024822972562286295, 0.0024825422737376436, 0.0024815730430549623, 0.0024798142841590924, 0.0024805920766212417, 0.002482598083476545, 0.002487015711141374, 0.0024903413616198756, 0.00249057657896238, 0.0024862054880253046, 0.0024476555072842753, 0.0024373782481544406, 0.002429651241837252, 0.0024285328490326118, 0.002425902899821386, 0.0024240505048054176, 0.002424243804784184, 0.0024132703265079694, 0.00241809939592404, 0.002446544820249283, 0.0025734989443775185, 0.0027422581363856268, 0.0028584119201299227, 0.002952303926700336], "tau1": [10.942636057612642, 10.942636057612642, 10.950572896542155, 10.942132731646565, 10.946761612529315, 10.94945085944261, 10.96139229903905, 10.955803949098911, 10.94300355945835, 10.944601061806091, 10.95464833066173, 10.975643845344148, 11.003637377854952, 11.035749990867778, 11.052415490903554, 11.086343859120301, 11.12498978533576, 11.176636478681527, 11.237953230248516, 11.301813577849874, 11.372857762247115, 11.440402148949914, 11.502775210731008, 11.55878181438305, 11.607757931656211, 11.64889917537468, 11.686656451975207, 11.717444016678044, 11.742973654313225, 11.764806878980012, 11.785392985354974, 11.806987603712248, 11.822407358241726, 11.836267009394925, 11.86081796873264, 11.883991700483723, 11.908091083449689, 11.933903038802445, 11.962130094612691, 11.991829072700934, 12.017423851910376, 12.042943799196628, 12.066519722286849, 12.077981053818075, 12.095595751809693, 12.108552148531718, 12.12228018557595, 12.135226074946873, 12.146529090387427, 12.15941514400944, 12.164962889993859, 12.15192778805708, 12.096826956925291, 12.006332117295187, 11.878654965057049, 11.75565463644115, 11.63944040832272]}]}